﻿<?xml version="1.0" encoding="utf-8"?>
<OfficeApp xmlns="http://schemas.microsoft.com/office/appforoffice/1.0" 
      xmlns:xsi="http://www.w3.org/2001/XMLSchema-instance" 
      xsi:type="MailApp">
    <!-- Id is a unique UUID for the mail app -->
    <Id>51248e59-f341-4b4a-a81a-a418e8d3b179</Id>
    <Version>1.0</Version>
    <ProviderName>MSGDevelop</ProviderName>
    <DefaultLocale>en-us</DefaultLocale>
    <DisplayName DefaultValue="Info App" />
    <Description DefaultValue="Get and Display Information using EWS and Office Javascript API" />

    <Capabilities>
      <Capability Name="Mailbox" />
   </Capabilities>

   <DesktopSettings>
      <!-- Specify your web server and path in place of 'webserver'. -->
      <SourceLocation DefaultValue="https://gsmailapp.azurewebsites.net/InfoApp/InfoApp.htm" />
      <RequestedHeight>300</RequestedHeight>
   </DesktopSettings>
   <Permissions>ReadWriteMailbox</Permissions>
   <Rule xsi:type="ItemIs" ItemType="Message" />
</OfficeApp>